DATE,unemployment_rate,home_price_index,Labor_force,CPI-U,M1,per_con_exp,fed_fund_eff_rate,interest_rate,curr_incircu,Cali_lead_index,Real Disposable Personal Income: Per Capita
1990/1/1,5.9,100.4711925,5864160,132.1,795.4,3730.7,8.23,7,257.126,1.87,27341
1990/2/1,5.6,100.7615717,5891997,133.6,798.1,3728.2,8.24,7,254.662,1.3,27379
1990/3/1,5.4,100.9928379,5902033,134.5,801.5,3754.9,8.28,7,256.69,0.89,27361
1990/4/1,5.5,100.9904097,5863163,134.2,806.1,3770,8.26,7,259.829,0.51,27505
1990/5/1,5.4,100.3945833,5879518,134.6,804.2,3775.8,8.18,7,261.938,0.08,27442
1990/6/1,5.4,100.1110461,5885104,135,808.8,3804.5,8.29,7,265.64,-0.21,27450
1990/7/1,6.2,99.50556922,5911375,135.6,810.1,3821.7,8.15,7,268.948,-0.42,27513
1990/8/1,6.2,99.04618276,5890400,136.3,815.7,3848.3,8.13,7,269.992,-0.88,27306
1990/9/1,6.3,98.42543959,5808385,137.7,820.2,3870.1,8.2,7,273.006,-1.04,27259
1990/10/1,6.2,98.00144608,5816018,138.7,819.9,3870.6,8.11,7,274.365,-1.24,27004
1990/11/1,6.5,97.11387198,5792896,138.9,822.1,3871.9,7.81,7,278.11,-0.94,26980
1990/12/1,6.5,96.54814971,5788666,139.2,824.7,3861.3,7.31,6.79,282.105,-1.2,27106
1991/1/1,7.3,95.56901452,5717427,140,827.2,3841,6.91,6.5,284.909,-0.98,27001
1991/2/1,7.6,94.70420277,5761137,139.9,832.6,3866.7,6.25,6,284.067,-0.71,27013
1991/3/1,7.6,93.77260585,5755312,139.7,838.7,3913,6.12,6,286.319,-0.45,27029
1991/4/1,7.4,93.7417277,5740163,140.7,843.1,3907.1,5.91,5.98,287.681,0.62,27105
1991/5/1,7.9,93.90924694,5726910,140.8,848.8,3933.2,5.78,5.5,288.256,0.99,27080
1991/6/1,8.2,94.06281231,5782157,140.8,856.7,3940.5,5.9,5.5,290.785,1.55,27190
1991/7/1,8.6,94.28456757,5825844,141.5,861.6,3966,5.82,5.5,293.328,1.96,27105
1991/8/1,8.4,94.25830189,5796609,141.7,866.8,3969.1,5.66,5.5,293.76,1.28,27135
1991/9/1,8.4,94.09221156,5782395,142.6,869.7,3984.7,5.45,5.2,294.92,1.18,27177
1991/10/1,8.2,93.87506098,5809967,142.9,878,3976,5.21,5,295.385,0.52,27187
1991/11/1,8.3,93.47021989,5786092,143.5,887.6,4003.6,4.81,4.58,298.719,0.2,27202
1991/12/1,8.4,93.13647828,5767334,143.1,897,4020.5,4.43,4.11,303.696,-0.15,27425
1992/1/1,9.4,92.78692565,5756801,144.3,910.4,4084.7,4.03,3.5,304.146,-0.27,27671
1992/2/1,9.5,92.5712374,5768172,144.9,925.2,4099.5,4.06,3.5,301.542,-0.23,27772
1992/3/1,9.3,91.91146509,5758429,145.5,936.7,4117,3.98,3.5,302.653,0.64,27772
1992/4/1,8.9,91.44047124,5751239,145.8,943.8,4131.5,3.73,3.5,305.007,0.73,27824
1992/5/1,9.5,90.86829045,5749991,146,950.6,4158.4,3.82,3.5,307.8,0.37,27925
1992/6/1,10.2,90.16635477,5805235,146.2,954.3,4177.1,3.76,3.5,310.16,0.71,28012
1992/7/1,10.6,89.48815889,5841467,146.7,963.3,4204.8,3.25,3.02,313.067,0.39,27958
1992/8/1,10.4,88.9281637,5829301,146.9,973.7,4220.9,3.3,3,315.648,0.62,28023
1992/9/1,10.4,88.31917896,5776004,147.4,988,4255.3,3.22,3,318.242,0.9,27860
1992/10/1,9.9,87.35747384,5768172,148.4,1003.7,4284.7,3.1,3,320.192,1.74,27649
1992/11/1,10.1,86.64298371,5763404,148.2,1015.7,4300.5,3.09,3,323.607,1.58,27662
1992/12/1,9.9,85.81559288,5741490,148.2,1024.9,4336.4,2.92,3,329.93,1.68,28618
1993/1/1,10.7,85.24629519,5683744,149.2,1030.4,4340.7,3.02,3,331.004,2.49,27966
1993/2/1,10.6,84.66070467,5714970,150,1033.5,4355.3,3.03,3,329.032,2.22,28073
1993/3/1,10.2,83.61611477,5695641,149.8,1038.4,4352.5,3.07,3,331.423,2.36,27959
1993/4/1,9.8,82.79206094,5665863,149.9,1047.6,4393.4,2.96,3,335.24,1.96,28075
1993/5/1,9.8,82.04289904,5672246,150.1,1065.9,4422.4,3,3,337.874,2.39,28005
1993/6/1,10.1,81.42818087,5692818,149.7,1075.1,4440,3.04,3,342.488,1.94,27923
1993/7/1,10.4,80.56679607,5741098,149.8,1084.6,4468.9,3.06,3,346.518,1.93,27961
1993/8/1,9.9,79.48271274,5713167,149.9,1094.2,4481.1,3.03,3,347.99,2.31,27968
1993/9/1,9.8,79.04525862,5646392,150.2,1104.2,4511.5,3.09,3,350.609,1.9,27860
1993/10/1,9.9,78.38241194,5641699,150.9,1113.1,4532.8,2.99,3,353.161,2.14,27694
1993/11/1,9.5,78.23052404,5615205,151.6,1124.1,4554.1,3.02,3,355.65,2.09,27744
1993/12/1,9.2,77.57221362,5615108,151.9,1129.6,4571.1,2.96,3,361.769,1.85,28662
1994/1/1,10.4,77.39505181,5615955,152.2,1131.6,4585.1,3.05,3,363.472,2.25,28101
1994/2/1,10.1,77.44437859,5637127,152.2,1136.3,4632.6,3.25,3,363.041,2.75,28132
1994/3/1,9.8,77.26265128,5616950,152.5,1140.1,4646,3.34,3,366.398,2.73,28198
1994/4/1,9.5,77.08542367,5601926,152,1141.1,4671.1,3.56,3,370.681,2.43,28171
1994/5/1,9.1,76.66513195,5607267,151.4,1143.3,4669.5,4.01,3.24,373.253,2.39,28468
1994/6/1,9.4,76.43503397,5615951,151.3,1145.2,4708.9,4.25,3.5,378.375,2.35,28392
1994/7/1,9.9,76.40982861,5662161,151.7,1150.7,4720.6,4.26,3.5,383.478,2.42,28385
1994/8/1,9.5,76.40972254,5653959,152,1150.6,4762.6,4.47,3.76,384.194,2.51,28387
1994/9/1,8.9,76.43433569,5630163,152.7,1151.9,4775,4.73,4,386.5,2.93,28480
1994/10/1,8.4,76.54724475,5659815,153.4,1150.2,4812.9,4.76,4,388.615,2.74,28721
1994/11/1,8,76.46888715,5635929,152.9,1150.9,4825.6,5.29,4.4,393.215,2.93,28693
1994/12/1,7.6,76.39423565,5609261,153.4,1150.7,4841.6,5.45,4.75,398.322,3.25,28797
1995/1/1,8.5,76.37638923,5569725,154.3,1151.4,4851.2,5.53,4.75,400.687,2.51,28865
1995/2/1,7.9,76.02272701,5604300,154.5,1147.4,4850.8,5.92,5.25,396.37,1.89,28898
1995/3/1,7.8,75.77565159,5587691,154.6,1146.7,4885.4,5.98,5.25,399.817,0.61,28952
1995/4/1,7.9,75.35666549,5596012,154.7,1149.3,4890.2,6.05,5.25,404.773,0.48,28711
1995/5/1,7.7,75.11777659,5574477,155.1,1145.3,4933.1,6.01,5.25,408.007,1.14,28974
1995/6/1,8,74.55546599,5594956,154.8,1144.2,4977.5,6,5.25,409.062,1.27,29030
1995/7/1,8.8,74.50003718,5652342,154.5,1145.5,4970.2,5.85,5.25,411.218,1.41,29064
1995/8/1,8.5,74.2803678,5631073,154.4,1145.4,5005.3,5.74,5.25,410.193,2.4,29051
1995/9/1,8.4,74.19116631,5629868,154.6,1142,5020.5,5.8,5.25,411.158,2.49,29113
1995/10/1,8.1,74.08742553,5647634,155.2,1137.3,5013.9,5.76,5.25,411.562,1.65,29115
1995/11/1,8.2,74.02906751,5624164,154.4,1134.1,5055.6,5.8,5.25,413.359,2.12,29169
1995/12/1,7.9,73.93694589,5611949,154.6,1127.5,5097.5,5.6,5.25,418.814,2.15,29185
1996/1/1,9,73.91998918,5579289,155.7,1123.5,5085.7,5.56,5.24,418.642,2.47,29202
1996/2/1,8.6,73.84378117,5614743,156.2,1118.5,5132.8,5.22,5,412.776,1.5,29404
1996/3/1,8.5,73.85540325,5626799,157.3,1122.6,5173.3,5.31,5,415.61,1.98,29472
1996/4/1,8.3,73.85737182,5597847,157.7,1124.8,5208,5.22,5,418.346,2.15,29267
1996/5/1,8.2,73.99548239,5623585,157.5,1116.5,5223.8,5.24,5,419.321,2.52,29609
1996/6/1,8.1,74.15439578,5620819,156.7,1115.2,5229.8,5.27,5,423.212,2.38,29757
1996/7/1,8.9,74.11319864,5704916,157.6,1112.4,5251.9,5.4,5,427.991,2.31,29647
1996/8/1,8,74.04838734,5682108,157.3,1101.6,5275,5.22,5,429.307,3.11,29689
1996/9/1,7.8,73.99947215,5703390,158.2,1096.2,5296.6,5.3,5,431.945,2.47,29725
1996/10/1,7.6,74.18013077,5726209,158.8,1085.7,5328.5,5.24,5,432.318,2.24,29691
1996/11/1,7.6,74.41817272,5724108,158.4,1083.5,5351.2,5.31,5,436.408,2.01,29742
1996/12/1,7.2,74.51555366,5712367,158.3,1081.3,5378.6,5.29,5,443.041,1.42,29817
1997/1/1,8,74.53688361,5697983,159.1,1081.2,5411.1,5.25,5,444.684,1.79,29877
1997/2/1,7.6,74.40240725,5723548,159.2,1078.8,5434,5.19,5,440.803,2.28,29935
1997/3/1,7.3,74.79060446,5761678,159.8,1072.5,5454.2,5.39,5,443.188,3.15,30050
1997/4/1,6.8,75.2726918,5746408,159.9,1063.9,5459.3,5.51,5,445.724,3.06,30043
1997/5/1,6.6,75.76476194,5757937,159.5,1063.8,5460.2,5.5,5,448.445,2.55,30146
1997/6/1,7,76.19281468,5772048,159.4,1066.1,5494.2,5.56,5,451.597,2.39,30211
1997/7/1,7.3,76.54269976,5858650,159.5,1065.5,5548.8,5.52,5,455.553,1.93,30291
1997/8/1,7,77.16443952,5864082,159.7,1075.3,5587,5.54,5,456.212,1.88,30412
1997/9/1,6.8,77.55531435,5854376,160.5,1066.9,5601.7,5.54,5,458.926,1.99,30458
1997/10/1,6.3,78.23305835,5866858,161.1,1065.6,5637.7,5.5,5,459.988,2.42,30577
1997/11/1,6.1,78.89130985,5881432,160.7,1070.9,5661.1,5.52,5,465.886,1.88,30745
1997/12/1,6,79.90761184,5915063,161.2,1072.3,5692.1,5.5,5,475.1,2.29,30894
1998/1/1,6.7,81.03503708,5897393,161,1074,5689.9,5.56,5,474.597,2.2,31139
1998/2/1,6.4,82.19181168,5938802,161.1,1077.8,5723.8,5.51,5,471.366,1.5,31312
1998/3/1,6.6,83.65321759,5969789,161.4,1076.9,5750.3,5.49,5,473.547,1.33,31465
1998/4/1,6,84.39878813,5921643,161.8,1076.5,5788.1,5.45,5,475.776,1.21,31534
1998/5/1,6.1,85.39577778,5934200,162.3,1079.1,5837.9,5.49,5,478.588,1.71,31632
1998/6/1,6.6,86.44541836,5940860,162.2,1076.3,5871.7,5.56,5,481.339,1.87,31780
1998/7/1,7.1,87.85152232,6014262,162.1,1075.1,5890,5.54,5,485.205,1.87,31803
1998/8/1,6.9,88.93477937,5989135,162.6,1075.9,5925,5.55,5,487.758,1.87,31871
1998/9/1,6.9,90.08424997,6018545,162.6,1079.9,5965.6,5.51,5,492.11,1.85,31931
1998/10/1,6.7,90.77409985,6015406,163.2,1086,5998.8,5.07,4.86,496.28,2.13,31945
1998/11/1,6.3,91.29391235,6029877,163.4,1094.9,6015.4,4.83,4.63,501.453,2.38,32047
1998/12/1,6,91.78123481,6003731,163.5,1095,6070.5,4.68,4.5,509.949,2.26,32080
1999/1/1,6.5,92.14008625,5982732,164.2,1098.1,6073.9,4.63,4.5,511.037,2.11,32230
1999/2/1,6.3,92.71811851,6007558,164.6,1096.7,6099.2,4.76,4.5,509.743,2.24,32319
1999/3/1,5.9,93.38405497,6010884,165,1096.6,6133,4.81,4.5,514.41,2.22,32325
1999/4/1,5.8,94.38407186,5982739,166.6,1101.6,6199.5,4.74,4.5,519.339,2.37,32195
1999/5/1,5.4,95.23315472,5985989,166.2,1103.8,6232.1,4.74,4.5,522.494,1.96,32225
1999/6/1,5.9,96.02552777,6002072,165.4,1099.8,6260.3,4.76,4.5,528.507,2.25,32306
1999/7/1,6.4,96.64867112,6079736,165.8,1099.1,6287.6,4.99,4.5,533.772,2,32338
1999/8/1,6.1,97.17484698,6052517,166.3,1099.2,6331.9,5.07,4.56,535.749,2.02,32444
1999/9/1,6,97.67920952,6069856,167.2,1096.5,6386.5,5.22,4.75,541.305,1.78,32373
1999/10/1,5.8,98.328701,6084525,167.2,1103.3,6411.4,5.2,4.75,550.011,1.64,32522
1999/11/1,5.6,99.2387032,6096494,167.1,1110.7,6448.7,5.42,4.86,565.429,1.88,32706
1999/12/1,5.3,100.3296484,6112018,167.3,1122.2,6541,5.3,5,595.97,1.82,32931
2000/1/1,5.8,101.0312093,6096647,167.9,1122.1,6542.9,5.45,5,594.679,1.41,33119
2000/2/1,5.7,102.0434064,6134192,169.3,1108.6,6625.3,5.73,5.24,566.144,1.45,33222
2000/3/1,5.5,103.2246994,6126045,170.7,1107.5,6686.5,5.85,5.34,563.705,1.7,33284
2000/4/1,5.2,104.159399,6118860,170.6,1115.6,6679.1,6.02,5.5,564.734,1.44,33426
2000/5/1,5.4,104.9246979,6095254,171.1,1104.9,6709.7,6.27,5.71,565.836,1.52,33537
2000/6/1,5.5,105.6934072,6134716,171,1102.6,6746.9,6.53,6,568.333,1.37,33599
2000/7/1,6,106.3246874,6149158,171.7,1103.5,6768.5,6.54,6,571.216,1.8,33746
2000/8/1,5.9,106.9666327,6155482,172.2,1100.2,6802.8,6.5,6,569.313,1.91,33920
2000/9/1,5.4,107.8867871,6161998,173.3,1099.7,6888.6,6.52,6,570.677,2.25,33924
2000/10/1,5.1,108.8086567,6170263,173.8,1098.7,6893.8,6.51,6,571.48,2.27,33985
2000/11/1,4.9,109.9839187,6190409,173.5,1092.4,6909.8,6.51,6,575.002,1.88,33965
2000/12/1,4.6,110.7160052,6213437,173.5,1088.6,6952.2,6.4,6,583.118,2.01,34001
2001/1/1,5.4,112.0314763,6225136,174.2,1096.7,6987.4,5.98,5.52,585.106,1.39,34151
2001/2/1,5,112.9028992,6256110,175.4,1101.2,7001.8,5.49,5,582.524,0.76,34166
2001/3/1,5.1,114.1784971,6273329,176.2,1108.9,6996.7,5.31,4.81,585.082,0.38,34228
2001/4/1,5,114.6367963,6234294,176.6,1116.7,7004.2,4.8,4.28,587.928,0.18,34100
2001/5/1,4.9,115.2573894,6180859,177.5,1118.5,7052.8,4.21,3.73,590.873,0.06,33988
2001/6/1,5.6,115.7346117,6184653,178.9,1126.2,7069.7,3.97,3.47,594.37,0.25,33954
2001/7/1,6.1,116.3756329,6229881,178.3,1138.9,7082.3,3.77,3.25,600.387,-0.4,34420
2001/8/1,6.3,117.3585197,6206800,178.4,1150.2,7121.7,3.65,3.16,606.133,-0.2,34953
2001/9/1,6.1,118.3400899,6239154,178.8,1205.7,7007,3.07,2.77,613.558,-0.37,34622
2001/10/1,6.4,119.3156596,6267773,178.3,1165.7,7212.9,2.49,2.02,615.01,-0.42,33984
2001/11/1,6.4,120.3032059,6284576,178.1,1171,7182.3,2.09,1.58,621.87,-0.42,33995
2001/12/1,6.4,121.2896199,6284845,177.1,1183.2,7166.7,1.82,1.33,630.276,0.05,34028
2002/1/1,7.1,122.706507,6233945,178.9,1190.7,7184.6,1.73,1.25,635.429,0.65,34707
2002/2/1,6.8,123.9895209,6304440,180.1,1190.6,7225.2,1.74,1.25,635.884,1.16,34735
2002/3/1,6.9,125.456074,6290701,181.1,1193.3,7243.4,1.73,1.25,639.698,1.85,34734
2002/4/1,6.8,126.8519023,6248700,182.2,1186.9,7312.5,1.75,1.25,643.58,2.17,34827
2002/5/1,6.6,128.6919862,6221197,182.6,1189.3,7288.9,1.75,1.25,648.293,1.95,34941
2002/6/1,7.1,130.7723062,6222757,181.9,1193.3,7322.5,1.75,1.25,654.774,1.74,35018
2002/7/1,7.4,132.8587182,6274222,182.2,1199.1,7387.3,1.73,1.25,660.96,1.74,34902
2002/8/1,7.1,135.0852203,6252083,183,1187.1,7412.6,1.74,1.25,660.558,1.31,34882
2002/9/1,6.7,137.2367332,6279732,183.4,1196.1,7391.5,1.75,1.25,662.189,1.55,34892
2002/10/1,6.5,139.7231012,6295253,183.7,1204,7435.2,1.75,1.25,662.238,2.06,34964
2002/11/1,6.6,141.8243802,6289515,184,1209.6,7463.8,1.34,0.83,667.444,1.36,35031
2002/12/1,6.5,143.9820567,6287720,183.7,1220.2,7519.9,1.24,0.75,676.472,1.32,35090
2003/1/1,7.1,145.7524012,6251910,185.2,1227.3,7541.3,1.24,2.25,679.411,1.75,35015
2003/2/1,6.9,147.3087562,6299148,186.5,1238.2,7548.6,1.26,2.25,679.832,1.81,34867
2003/3/1,6.7,148.8817391,6296763,188.2,1239.3,7611.5,1.25,2.25,683.413,1.71,34925
2003/4/1,6.6,150.4855638,6274547,187.6,1250,7634.5,1.26,2.25,687.055,1.07,35105
2003/5/1,6.7,152.2882892,6241294,186.4,1268.8,7650.3,1.26,2.25,690.521,1.49,35353
2003/6/1,7.4,154.0628841,6274776,186.3,1281,7699.6,1.22,2,691.954,1.91,35428
2003/7/1,7.7,157.0161429,6296345,186.3,1287.5,7757,1.01,2,694.257,1.53,35826
2003/8/1,7.4,160.1046741,6268660,186.9,1296.4,7852.1,1.03,2,694.696,1.57,36043
2003/9/1,7.2,163.588262,6260095,188.2,1297.2,7853.7,1.01,2,697.699,2.32,35605
2003/10/1,7,167.0564489,6294003,187.8,1297.8,7867.4,1.01,2,700.706,3.11,35711
2003/11/1,6.9,170.7570386,6302227,187.1,1299.1,7922.6,1,2,706.305,2.86,35899
2003/12/1,6.4,174.7845747,6280665,187,1306.2,7950.4,0.98,2,716.191,2.16,35903
2004/1/1,7,178.7737515,6280595,188.5,1306,8007.1,1,2,713.752,2.66,35860
2004/2/1,6.7,182.9149483,6310786,190.1,1321.4,8040.4,1.01,2,713.25,2.25,35901
2004/3/1,6.8,188.7866715,6306130,191.5,1328.7,8098.8,1,2,713.923,1.83,36020
2004/4/1,6.4,194.5002819,6282930,191.9,1332.8,8107.2,1,2,716.778,1.88,36117
2004/5/1,6.4,199.737764,6265544,193.3,1333.3,8176.5,1,2,719.679,2,36273
2004/6/1,6.8,205.2786714,6288890,193.7,1342.7,8157.6,1.03,2.25,726.437,2.03,36273
2004/7/1,7,209.2972524,6353662,193.4,1340.8,8236.9,1.26,2.25,734.828,2.49,36332
2004/8/1,6.5,211.1491605,6311988,193.1,1354.3,8271.6,1.43,2.5,734.62,2.73,36422
2004/9/1,6.3,212.7178219,6308355,194.5,1362.5,8341.5,1.61,2.75,738.149,2.55,36417
2004/10/1,6.1,213.8687123,6347875,196.3,1362.3,8397.1,1.76,2.75,740.816,2.82,36407
2004/11/1,6,216.0223248,6376972,196.9,1374.2,8444.5,1.93,3,746.581,2.31,36276
2004/12/1,5.7,218.1291417,6356692,195.2,1376,8504.4,2.16,3.25,753.395,2.1,37591
2005/1/1,6,221.4713603,6306757,195.4,1367.1,8497.7,2.28,3.25,750.197,1.82,36199
2005/2/1,5.9,225.2073545,6356997,197.4,1371.1,8559.1,2.5,3.5,750.39,2.17,36199
2005/3/1,5.5,229.746946,6340833,199.2,1370.9,8598.4,2.63,3.75,752.083,2.47,36312
2005/4/1,5.2,233.443607,6360740,201.1,1358.4,8678.4,2.79,3.75,753.66,2.78,36403
2005/5/1,5.1,237.105497,6341730,201.5,1366,8671.6,3,4,754.184,2.53,36537
2005/6/1,5.3,240.58339,6352139,200.7,1380.1,8753.4,3.04,4.25,759.996,2.61,36591
2005/7/1,5.6,244.2626212,6402168,201.4,1369,8853.8,3.26,4.25,763.847,2.36,36609
2005/8/1,5.2,248.2838595,6389183,203.1,1377.8,8850.1,3.5,4.5,763.347,1.82,36636
2005/9/1,5.1,252.8411185,6388518,205.8,1378.6,8900.4,3.62,4.75,767.94,1.81,36465
2005/10/1,4.9,257.7432482,6411456,206.9,1376.5,8938.5,3.78,4.75,768.814,1.31,36617
2005/11/1,5.1,261.6632472,6422665,205.6,1376.1,8946.2,4,5,774.619,1.76,36817
2005/12/1,4.8,265.4191155,6408963,203.9,1374.3,8981.1,4.16,5.25,783.336,2.19,36918
2006/1/1,5.1,268.2088347,6360106,206,1379.5,9071.6,4.29,5.5,786.823,2.17,37297
2006/2/1,5.1,271.2338275,6406579,207.5,1378.4,9096,4.49,5.5,785.378,1.7,37454
2006/3/1,4.7,272.0844618,6406809,208.5,1383.2,9132.9,4.59,5.75,788.916,1.31,37576
2006/4/1,4.5,273.0894288,6389134,210.5,1381.4,9191.6,4.79,5.75,790.544,1.22,37530
2006/5/1,4.5,272.9307953,6360069,212.4,1387.2,9231.8,4.94,6,794.306,1.04,37475
2006/6/1,4.8,272.2182233,6365991,211.1,1375.4,9259.6,4.99,6.25,794.297,1.15,37496
2006/7/1,5.4,271.494058,6408264,211.4,1372.4,9343.8,5.24,6.25,795.918,1.09,37457
2006/8/1,5.1,270.5877362,6369570,211.9,1372.4,9342.2,5.25,6.25,793.601,1.01,37401
2006/9/1,4.8,270.4349546,6381090,212.9,1364.4,9375.4,5.25,6.25,794.469,1.16,37576
2006/10/1,4.4,270.9982295,6413755,211.4,1370.3,9393.6,5.25,6.25,794.139,0.92,37723
2006/11/1,4.5,271.9019191,6435517,211.1,1370.8,9400.2,5.25,6.25,800.542,0.98,37850
2006/12/1,4.4,270.3217152,6441253,210.6,1366.6,9488.3,5.24,6.25,809.326,0.86,38000
2007/1/1,5.1,270.804897,6406232,212.584,1371.7,9538.7,5.25,6.25,808.848,1.23,37962
2007/2/1,4.9,270.1368191,6438321,214.76,1363,9566,5.26,6.25,805.364,0.75,38055
2007/3/1,4.7,268.7477321,6439928,216.5,1366.5,9611.7,5.26,6.25,806.34,0.63,38145
2007/4/1,4.6,266.4295689,6429607,217.845,1378,9643.6,5.25,6.25,807.557,0.73,38167
2007/5/1,4.6,264.2447903,6408960,218.596,1380.9,9685.8,5.25,6.25,809.5,0.47,38156
2007/6/1,5,261.322996,6451052,217.273,1368.2,9706.8,5.25,6.25,811.079,0.3,38101
2007/7/1,5.7,258.4890402,6520155,217.454,1371.8,9751.1,5.26,6.25,814.649,0.17,38107
2007/8/1,5.5,254.8486369,6486429,217.33,1376.3,9798.9,5.02,5.75,811.732,0.04,38092
2007/9/1,5.4,251.2994015,6503708,217.697,1375.7,9845.1,4.94,5.25,811.899,-0.25,38127
2007/10/1,5.3,247.006557,6508551,218.696,1379.4,9882.7,4.76,5,813.658,-0.17,38083
2007/11/1,5.3,239.2329676,6552784,219.943,1371.8,9955.9,4.49,5,819.857,0.02,38015
2007/12/1,5.6,233.1138392,6533085,219.373,1373.4,9972.8,4.24,4.75,820.294,0.16,38118
2008/1/1,6.2,226.1119289,6484543,220.918,1377.7,9996.4,3.94,3.5,817.367,-0.25,38095
2008/2/1,6,217.7720691,6515117,221.431,1380.4,9981.7,2.98,3.5,814.429,-0.11,38049
2008/3/1,6.2,210.5818867,6514916,223.606,1388.7,10035.3,2.61,2.5,816.645,0.09,38015
2008/4/1,6,205.1012154,6512775,224.625,1391.4,10070.3,2.28,2.25,813.937,-0.82,37841
2008/5/1,6.7,199.4333931,6495044,226.651,1393.4,10132.3,1.98,2.25,817.686,-1.01,39653
2008/6/1,7.3,195.1337372,6515678,229.033,1404.6,10187.1,2,2.25,822.827,-1.17,38619
2008/7/1,8.2,190.6763259,6578914,229.886,1421.1,10185.1,2.01,2.25,829.946,-1.23,37992
2008/8/1,8.4,186.6494341,6547262,228.484,1407.4,10175.7,2,2.25,830.514,-1.5,37739
2008/9/1,8.3,181.8454236,6563992,227.449,1462,10116.4,1.81,2.25,833.942,-1.22,37789
2008/10/1,8.5,178.0669924,6591989,226.159,1473.8,10034.1,0.97,1.25,849.122,-1.96,38037
2008/11/1,8.8,174.9499102,6590759,222.229,1514.6,9885.2,0.39,1.25,864.074,-2.61,38328
2008/12/1,9.5,171.4435187,6570925,219.62,1601.7,9801.5,0.16,0.5,877.883,-3.1,38111
2009/1/1,10.7,167.8311511,6533873,220.719,1582.8,9847.2,0.15,0.5,886.184,-3.4,38290
2009/2/1,11,165.5460391,6575533,221.439,1567.2,9824.5,0.22,0.5,894.156,-2.71,37875
2009/3/1,11.2,163.7422734,6560014,221.376,1578.9,9773.2,0.18,0.5,900.752,-2.3,37833
2009/4/1,10.8,161.5468001,6562714,221.693,1611.6,9772.5,0.15,0.5,903.412,-1.36,38025
2009/5/1,11.3,159.8375717,6529947,222.522,1617.5,9791.6,0.18,0.5,905.514,-0.14,38541
2009/6/1,11.9,160.3114771,6554880,223.906,1658.8,9852.4,0.21,0.5,907.576,0.25,37809
2009/7/1,12.6,162.2113965,6577795,224.01,1662.5,9886.3,0.16,0.5,909.56,0.04,37616
2009/8/1,12.5,164.2587055,6526450,224.507,1660,10004.1,0.16,0.5,910.774,0.78,37515
2009/9/1,12.4,165.5290049,6502435,225.226,1664.9,9927.8,0.15,0.5,912.969,0.59,37596
2009/10/1,12.4,166.888447,6496306,225.264,1677.7,9976.7,0.12,0.5,915.317,0.94,37453
2009/11/1,12,168.9167452,6506962,224.317,1683,9985.7,0.12,0.5,918.242,1.14,37533
2009/12/1,12.1,171.5848479,6464922,223.643,1692.8,10052.6,0.12,0.5,924.315,0.69,37699
2010/1/1,13,174.4411833,6416019,224.61,1674.7,10056.1,0.11,0.5,921.235,0.63,37721
2010/2/1,12.7,174.4673326,6460519,224.62,1699.8,10093.4,0.13,0.75,927.21,1.44,37732
2010/3/1,12.6,173.6748827,6461897,225.483,1711.9,10156,0.16,0.75,932.535,1.42,37859
2010/4/1,12.1,174.039796,6500121,225.916,1699,10182.3,0.2,0.75,935.054,2.33,38151
2010/5/1,12.1,175.1569295,6455354,226.438,1710.1,10210.8,0.2,0.75,937.474,2.01,38412
2010/6/1,12.4,174.7962725,6453801,225.877,1731.6,10231.3,0.18,0.75,941.363,1.7,38409
2010/7/1,13.2,174.2303079,6504487,225.991,1724,10268.1,0.18,0.75,944.765,1.28,38433
2010/8/1,13,172.9664142,6504880,226.373,1748.7,10307.1,0.19,0.75,946.088,1.23,38529
2010/9/1,12.6,172.7887067,6515464,226.048,1766.2,10327.1,0.19,0.75,951.33,1.42,38499
2010/10/1,12.4,172.5950952,6480279,226.794,1780.4,10386.4,0.19,0.75,960.369,1.42,38474
2010/11/1,12.6,172.6857158,6504649,225.941,1828.4,10433.6,0.19,0.75,970.89,1.7,38481
2010/12/1,12.3,171.4343617,6483018,226.639,1836.7,10471,0.18,0.75,979.39,2.47,38680
2011/1/1,12.7,171.5089607,6473469,228.652,1846.3,10514.3,0.17,0.75,978.912,2.58,38831
2011/2/1,12.3,170.9473584,6485353,229.729,1870.1,10540.6,0.16,0.75,987.088,2.69,38915
2011/3/1,12.1,170.7046813,6471368,232.241,1896.5,10619.7,0.14,0.75,1000.695,2.42,38784
2011/4/1,11.7,170.1297997,6480327,233.319,1897,10652.1,0.1,0.75,1009.366,2.59,38690
2011/5/1,11.9,169.2030463,6457062,233.367,1941.6,10672.2,0.09,0.75,1016.664,2.12,38608
2011/6/1,12.5,168.5595438,6464769,232.328,1963.4,10694.8,0.09,0.75,1023.527,1.13,38725
2011/7/1,13.1,167.9622348,6488191,231.303,1996,10731.6,0.07,0.75,1029.57,1.54,38828
2011/8/1,12.8,166.9227117,6487659,231.833,2115.4,10750.3,0.1,0.75,1033.04,2.57,38773
2011/9/1,12.4,165.727999,6527688,233.022,2120,10783.2,0.08,0.75,1038.738,2.92,38691
2011/10/1,12,164.2851645,6509200,233.049,2128.5,10802.9,0.07,0.75,1042.129,2.8,38705
2011/11/1,11.6,163.6126966,6498944,232.731,2182,10806.8,0.08,0.75,1055.231,3.17,38666
2011/12/1,11.5,162.8059229,6481370,231.567,2165.7,10817.8,0.07,0.75,1066.406,3.12,39008
2012/1/1,11.8,162.4534999,6431101,233.441,2201.8,10896.8,0.08,0.75,1069.691,3.57,39253
2012/2/1,11.6,162.1131425,6468994,234.537,2207.1,10987.2,0.1,0.75,1080.197,3.02,39466
2012/3/1,11.3,162.3308231,6450833,236.941,2227.8,10993.9,0.13,0.75,1095.166,2.87,39590
2012/4/1,10.6,163.6788363,6431292,236.866,2237.3,11018.5,0.14,0.75,1099.978,2.44,39744
2012/5/1,10.8,165.5404981,6445092,237.032,2256.2,11006.8,0.16,0.75,1103.669,2.57,39731
2012/6/1,11.3,167.2550367,6443986,236.025,2275.3,10989.8,0.16,0.75,1108.545,2.71,39681
2012/7/1,11.9,168.6621044,6475751,235.776,2315,11016.8,0.16,0.75,1113.756,2.86,39380
2012/8/1,11.4,170.6478437,6437761,237.222,2354.1,11056,0.13,0.75,1115.866,3.31,39248
2012/9/1,10.5,172.7106836,6476796,238.104,2386.6,11105.3,0.14,0.75,1126.389,3.73,39501
2012/10/1,10.5,174.789307,6492567,240.111,2420.1,11137.4,0.16,0.75,1134.623,3.17,39743
2012/11/1,10,176.5412857,6504595,237.675,2441.2,11178.4,0.16,0.75,1149.019,2.94,40238
2012/12/1,10.2,179.5759143,6501546,236.042,2460.7,11181.2,0.16,0.75,1156.695,2.84,41192
2013/1/1,10.9,182.1870318,6494035,238.015,2475.5,11245.8,0.14,0.75,1160.082,2.66,38789
2013/2/1,10.3,184.8807248,6511605,239.753,2470.6,11282.1,0.15,0.75,1164.584,3.12,38663
2013/3/1,9.8,188.9807595,6478017,239.995,2477.5,11268.9,0.14,0.75,1174.354,2.81,38760
2013/4/1,9.4,193.8545301,6492706,239.043,2507.1,11259.3,0.15,0.75,1178.421,2.86,38855
2013/5/1,9.6,196.9419489,6517897,239.346,2527.9,11295.1,0.11,0.75,1185.026,2.44,39019
2013/6/1,10.2,200.3293358,6536519,239.223,2528.3,11318.5,0.09,0.75,1189.693,2.55,39004
2013/7/1,10.5,203.8382122,6554783,238.92,2544.5,11346.8,0.09,0.75,1196.581,2.33,38942
2013/8/1,10.1,207.9275146,6526532,239.219,2555.9,11376.9,0.08,0.75,1198.798,2.68,39003
2013/9/1,9.6,210.7657211,6566244,239.611,2584.8,11413.9,0.08,0.75,1206.327,2.79,39137
2013/10/1,9.5,213.6863433,6502676,239.94,2623.6,11465.2,0.09,0.75,1213.425,2.37,38995
2013/11/1,8.9,215.0703165,6519884,238.677,2634.6,11531.3,0.08,0.75,1220.844,2.92,39067
2013/12/1,8.6,216.1615487,6482525,238.742,2664.3,11558.6,0.09,0.75,1230.286,2.88,39125
2014/1/1,8.9,216.5281866,6483077,239.857,2698.9,11543.7,0.07,0.75,1231.631,2.86,39292
2014/2/1,8.8,218.29385,6527749,241.059,2724.7,11615.4,0.07,0.75,1237.534,2.89,39478
2014/3/1,8.6,220.1356193,6544226,242.491,2751.4,11695.2,0.08,0.75,1261.586,2.82,39672
2014/4/1,7.8,220.4974321,6505721,242.437,2773.2,11737.4,0.09,0.75,1270.128,2.44,39806
2014/5/1,8,220.8338984,6523953,243.362,2791.3,11778.6,0.09,0.75,1275.948,2.56,39925
2014/6/1,8.3,221.436707,6521022,243.528,2827.1,11838,0.1,0.75,1279.375,3.21,40062
2014/7/1,9,222.0432366,6575149,243.727,2843,11879.2,0.09,0.75,1284.825,2.92,40151
2014/8/1,8.7,222.0970554,6556672,243.556,2804.2,11958.8,0.09,0.75,1287.503,2.71,40311
2014/9/1,8,222.7816288,6594479,243.623,2865.2,11964.9,0.09,0.75,1290.772,2.75,40413
2014/10/1,7.8,224.4937686,6582300,243.341,2870.7,12035.5,0.09,0.75,1294.037,2.83,40559
2014/11/1,7.6,226.3266329,6599001,241.753,2888.8,12058.4,0.09,0.75,1309.492,2.83,40743
2014/12/1,7.2,227.9930725,6560945,240.475,2940.9,12067.6,0.12,0.75,1326.698,2.66,40991
2015/1/1,7.8,228.1944736,6575899,239.724,2941.3,12036.5,0.11,0.75,1333.447,2.7,41199
2015/2/1,7.4,230.3398031,6589512,241.297,3005.4,12083.1,0.11,0.75,1341.256,2.7,41324
2015/3/1,7.1,231.6430283,6566856,243.738,2998.4,12132.2,0.11,0.75,1354.764,2.87,41182
2015/4/1,6.8,233.0875489,6569545,243.569,2999.2,12170.3,0.12,0.75,1359.926,2.76,41248
2015/5/1,6.9,234.2266154,6587768,246.093,2981.9,12233.6,0.12,0.75,1364.57,2.81,41290
2015/6/1,6.9,235.0923986,6546710,245.459,3020.9,12270.3,0.13,0.75,1366.158,3.27,41288
2015/7/1,7.2,235.6587637,6568336,247.066,3040.9,12327.5,0.13,0.75,1369.775,3.25,41355
2015/8/1,6.7,236.2282149,6513144,246.328,3029,12359.3,0.14,0.75,1375.053,2.9,41420
2015/9/1,6.2,237.2904112,6534571,245.431,3047,12356.4,0.14,0.75,1383.872,2.39,41504
2015/10/1,6,238.5690218,6538494,245.812,3018.8,12362.3,0.12,0.75,1391.429,2.54,41560
2015/11/1,5.7,240.0948115,6570806,245.711,3082.3,12397.5,0.12,0.75,1402.991,2.11,41526
2015/12/1,5.5,241.6169098,6534975,245.357,3095.8,12432.8,0.24,1,1415.044,2.14,41699
2016/1/1,5.8,243.3899368,6551369,247.155,3096.9,12452.1,0.34,1,1417.331,1.76,41827
2016/2/1,5.5,245.2797367,6600869,247.113,3128.8,12526.3,0.38,1,1420.976,2.43,41850
2016/3/1,5.3,245.8329727,6606420,247.873,3154,12506.8,0.36,1,1436.877,1.95,41829
2016/4/1,5,246.3697534,6588999,248.368,3198.5,12586,0.37,1,1444.638,2.54,41727
2016/5/1,4.8,246.8750691,6578115,249.554,3237.6,12624.4,0.37,1,1450.998,1.99,41680
2016/6/1,5.4,247.6115593,6585115,249.789,3246.1,12701.7,0.38,1,1457.506,1.52,41672
2016/7/1,5.8,248.8796696,6647918,249.784,3246,12720.6,0.39,1,1463.677,1.7,41784
2016/8/1,5.7,250.1594693,6611869,249.7,3319.3,12749.8,0.4,1,1464.341,1.72,41791
2016/9/1,5.5,251.4430608,6677334,250.145,3327.7,12806.8,0.4,1,1470.25,2.31,41852
2016/10/1,5.3,252.0251201,6651888,251.098,3333.4,12828.1,0.4,1,1475.811,1.91,41884
2016/11/1,4.9,253.1752032,6664551,250.185,3355,12853.6,0.41,1,1488.54,1.71,41952
2016/12/1,4.9,254.4806878,6631964,250.189,3340.9,12962.9,0.54,1.25,1499.355,2.26,42013
2017/1/1,5.3,256.090523,6647129,252.373,3391.2,13015.1,0.65,1.25,1504.579,2.35,42166
2017/2/1,5.1,256.9742497,6693027,253.815,3402.7,13034.7,0.66,1.25,1504.655,2.59,42301
2017/3/1,4.7,258.3340267,6706333,254.525,3450.5,13089.6,0.79,1.5,1527.119,2.54,42462
2017/4/1,4.5,258.8257418,6684582,254.971,3451.2,13127.7,0.9,1.5,1539.472,2.64,42496
2017/5/1,4.4,260.6300165,6669267,255.674,3516.1,13128.7,0.91,1.5,1548.163,2.08,42758
2017/6/1,4.8,261.4546704,6661478,255.275,3524.9,13176.8,1.04,1.75,1555.21,2.17,42735
2017/7/1,5.4,264.3685353,6725706,256.023,3548.6,13198.3,1.15,1.75,1562.592,1.88,42821
2017/8/1,5.4,265.5025541,6686090,256.739,3587.8,13241,1.16,1.75,1565.288,2.11,42843
2017/9/1,4.8,267.0655322,6765296,257.89,3571.2,13365.1,1.15,1.75,1578.295,2.41,42863
2017/10/1,4.5,268.2788879,6703144,258.883,3606.3,13394.8,1.15,1.75,1583.264,1.88,42936
2017/11/1,4.4,270.7631502,6727342,259.135,3631,13495.7,1.16,1.75,1592.131,1.97,42961
2017/12/1,4.4,273.0346193,6678748,259.22,3610.6,13601.8,1.3,2,1604.544,2.66,43043
2018/1/1,4.9,274.9302998,6686462,261.235,3656.2,13620.1,1.41,2,1611.341,2.41,43332
2018/2/1,4.7,277.6132527,6735973,263.012,3619,13657.2,1.42,2,1616.281,2.22,43434
2018/3/1,4.5,278.6577237,6738388,264.158,3663.4,13725,1.51,2.25,1633.038,1.56,43563
2018/4/1,4.3,279.8927763,6703692,265.095,3655.2,13809.3,1.69,2.25,1639.951,1.29,43639
2018/5/1,4.1,280.1943772,6686959,266.148,3650.8,13872.1,1.7,2.25,1650.879,1.22,43751
2018/6/1,4.8,280.7996743,6682049,265.522,3652.2,13912.9,1.82,2.5,1661.272,1.71,43859
2018/7/1,5.1,281.3341597,6737143,266.007,3677.5,13962.6,1.91,2.5,1669.057,1.55,43991
2018/8/1,5.1,281.9564291,6655969,266.665,3693.2,14014.5,1.91,2.5,1671.608,1.32,44097
2018/9/1,4.6,281.8811229,6725251,268.032,3701.8,14030.7,1.95,2.75,1685.515,1.3,44040
2018/10/1,4.5,282.5971788,6713612,269.482,3728.2,14119.6,2.19,2.75,1690.132,1.31,44106
2018/11/1,4.3,282.131843,6746808,268.56,3705.6,14187.8,2.2,2.75,1701.602,1.17,44155
2018/12/1,4.4,283.0530693,6711895,267.631,3763.4,14050.6,2.27,3,1706.892,0.77,44650
2019/1/1,5,282.2903879,6722411,269.468,3754.8,14104.4,2.4,3,1709.726,1.1,44620
2019/2/1,4.5,282.2658732,6734884,269.608,3762.9,14117.9,2.4,3,1707.784,1.28,44692
2019/3/1,4.4,282.1629462,6728244,271.311,3733.6,14244.4,2.41,3,1719.262,1.84,44647
2019/4/1,4,283.6375889,6666744,273.945,3775,14329.3,2.42,3,1726.409,1.76,44465
2019/5/1,4,285.4473863,6692814,274.479,3783.2,14372.2,2.39,3,1732.227,1.9,44433
2019/6/1,4.5,284.8415755,6674060,274.38,3824.4,14425.7,2.38,3,1737.761,2.24,44451
2019/7/1,5,284.6238505,6745982,274.682,3856.8,14487.4,2.4,3,1746.898,1.79,44482
2019/8/1,4.8,284.8817115,6699346,274.579,3858.9,14536.4,2.13,2.75,1749.115,2.07,44682
2019/9/1,4.3,286.5781492,6791781,276.054,3900,14564.7,2.04,2.5,1762.662,1.6,44750
2019/10/1,4.3,288.0500391,6768392,278.075,3935.3,14607.9,1.83,2.25,1769.485,1.51,44769
2019/11/1,4.1,289.6255046,6826252,277.239,3955.3,14667.6,1.55,2.25,1785.601,1.46,44944
2019/12/1,4,290.3642673,6780517,275.553,4007.1,14686.3,1.55,2.25,1794.26,1.75,44800
2020/1/1,4.5,291.7750708,6819700,277.755,3993.6,14769.9,1.55,2.25,1798.984,1.7,45186
2020/2/1,4.3,292.7788864,6835541,278.657,4002.9,14785.1,1.58,2.25,1795.984,1.84,45453
2020/3/1,6.7,294.1158048,6539772,276.589,4261.9,13762.2,0.65,0.25,1826.076,,44760
2020/4/1,17.5,295.0896474,6284639,275.853,4779.8,12021.8,0.05,0.25,1887.38,,51769
2020/5/1,19.2,295.439843,6183301,276.842,16232.9,13058.1,0.05,0.25,1929.729,,49244
2020/6/1,17.8,295.8402681,6386277,278.121,16563.5,13889.3,0.08,0.25,1955.37,,48406
2020/7/1,18.4,299.909569,6479271,279.899,16763.8,14129.2,0.09,0.25,1978.268,,48683
2020/8/1,16.6,304.3399636,6464674,280.116,16896.7,14270.5,0.1,0.25,2004.524,,46872
2020/9/1,11.9,308.5078064,6326521,279.366,17161.5,14481.7,0.09,0.25,2026.246,,47132
2020/10/1,10.8,312.2019045,6500469,279.947,17365.3,14546,0.09,0.25,2040.201,,46897
2020/11/1,10.7,315.7552722,6466937,280.102,17626.7,14467.3,0.09,0.25,2055.633,,46285
2020/12/1,11,319.5019558,6410484,279.56,17834.4,14389.5,0.09,0.25,2070.526,,46371
2021/1/1,11.2,323.4286998,6436244,280.178,18107.1,14857.9,0.09,0.25,2093.534,,51179
2021/2/1,10.7,327.9876969,6670484,281.347,18367.9,14699.6,0.08,0.25,2100.216,,46839
2021/3/1,10.4,333.7148042,6653903,282.648,18641.5,15458.9,0.07,0.25,2115.282,,57597
2021/4/1,10.3,338.6525758,6657902,285.808,18928.5,15618.7,0.07,0.25,2154.819,,48641
2021/5/1,9.5,345.4931197,6679731,287.62,19259.7,15624.4,0.06,0.25,2167.934,,47196
2021/6/1,10,351.0771469,6636917,289.218,19319.1,15802,0.08,0.25,2178.843,,46985
2021/7/1,9.6,357.1128086,6690809,290.89,19497,15814.9,0.1,0.25,2186.118,,47368
2021/8/1,8.9,360.4949288,6601247,291.333,19745.5,15991.1,0.09,0.25,2187.596,,47307
2021/9/1,7.6,364.9581215,6617635,292.209,19897.6,16088.9,0.08,,2194.822,,46529
2021/10/1,7.1,370.2504215,6618160,294.961,20064.9,16309.5,0.08,,2202.387,,46448
2021/11/1,6.2,375.7700752,6670346,296.79,20283.6,16390.9,0.08,,2211.552,,46372
2021/12/1,5.6,380.8335687,6610140,297.925,20439.5,16242.3,0.08,,2223.87,,46252
2022/1/1,6.1,387.6780439,6614462,301.209,20604.5,16678.4,0.08,,2233.621,,46121
2022/2/1,5.4,,6670534,302.164,20694.2,16713.3,0.08,,2232.107,,46179
,,,,,,,0.2,,2257.649,,45997
